customer_id,name,age,city,signup_date
1,Jean Harmon,62,North Saraside,2023-08-13
2,Charles Ingram,59,Port Samantha,2025-07-20
3,Cindy Barnes,63,Clarkchester,2025-09-04
4,Suzanne Atkins,57,East Phillipview,2023-02-07
5,Jonathan Farmer,38,Lake Angela,2024-07-12
6,Amanda Beck,38,Shawnview,2024-07-09
7,Michele Martin,55,East Traceymouth,2024-08-14
8,Matthew Gutierrez,63,East Kristine,2025-04-28
9,Chris Cox,63,Brianland,2025-04-20
10,Jennifer Wheeler,35,South Gregoryburgh,2023-04-11
11,Amy Thompson,49,South Sheliaburgh,2024-05-11
12,Joshua Roach,36,Watsonmouth,2025-11-05
13,Rebecca Pineda,54,Lake Alison,2025-07-25
14,Mr. Donald Mcneil,18,New Zacharybury,2025-01-29
15,Alexis Kelly,59,New Markport,2025-02-02
16,Amanda Harmon,32,Lake Williamview,2025-06-17
17,Ashley Hartman,20,Valenciahaven,2024-06-16
18,Amanda Sanders,37,Lake Andrea,2025-07-22
19,Kyle Jenkins,28,Lake Joseton,2023-08-02
20,Christina Martin,25,Sarahton,2023-09-19
21,Brittany Cruz,50,Katrinamouth,2025-02-19
22,Dr. Kimberly Ruiz,51,South Austin,2023-12-05
23,Kevin Allen,51,North Dawn,2025-09-21
24,Samuel Smith,46,Port Elizabethhaven,2023-10-14
25,Chelsea Nguyen,42,New Toddfort,2025-08-26
26,Michelle Elliott,23,South Kevin,2023-06-06
27,Andrew Jones,31,North Kristinaville,2025-10-20
28,Karen Morrison,33,South Jeremiahmouth,2024-10-15
29,Amy Powell,35,Jamesfurt,2023-05-12
30,Jennifer Underwood,62,East Destiny,2025-07-04
31,Ashlee Wilcox,37,Gillespieborough,2025-07-04
32,Katie Cook,50,South Luke,2023-11-29
33,Joseph Williams,62,Patelville,2024-12-07
34,Cheryl Jackson,20,Jenniferborough,2024-05-05
35,Stephanie Johnson,47,North Tracybury,2023-01-12
36,Donna Vaughn,28,Brownport,2025-01-06
37,Sara Berry,41,East Ruth,2023-02-15
38,Jason Johnson,43,South Stephenhaven,2025-06-15
39,Ryan Ray,18,South Brandon,2023-05-08
40,Hannah Manning,19,West Craigchester,2025-09-14
41,Karen Taylor,46,Annland,2025-01-23
42,Miss Mary Morrow,18,Stephanieside,2022-12-31
43,Heidi Green,30,Jasonside,2023-01-25
44,Andrea Rose,54,South Lawrenceview,2025-06-29
45,Michael Wright,50,Shanestad,2024-02-09
46,Kendra Wilson,62,Port Daniel,2024-09-08
47,Amber Harper,40,Campbellstad,2025-11-17
48,Courtney Reed,60,Paulaborough,2025-08-31
49,Jodi Brown,61,North Valerie,2025-11-07
50,Joshua Reed,54,Ryanview,2024-10-31
51,Carmen Taylor,46,Fitzgeraldborough,2023-04-14
52,Mary Anderson,26,New Gary,2024-10-01
53,James Dominguez,23,Brittanyborough,2024-11-01
54,Jeremiah Carter,20,Shannonland,2025-08-23
55,Patricia Salas,19,Pricebury,2023-09-09
56,Lori Lawrence,63,New Dana,2025-05-02
57,Kevin Lopez,33,Port Anthonymouth,2023-05-18
58,Vincent Miller,48,South Alan,2023-09-16
59,Jason Flores,63,Howardton,2025-08-17
60,Gary Burns,44,Sanchezmouth,2025-05-07
61,Rodney Johnson,30,South Kristyside,2025-02-11
62,Beth Castro,38,Lake Michael,2025-08-16
63,Donald Cortez,63,Brandtland,2024-05-23
64,Claire Lopez,58,North Martinburgh,2025-01-10
65,Shelley Alvarado,47,Campbellview,2023-12-14
66,Maria Nielsen,55,East Melanie,2024-02-22
67,Debbie Diaz,30,Harrisfurt,2024-10-29
68,Jordan Thomas,48,New Katieland,2023-10-11
69,Derrick Johnson,34,Lake Christophertown,2023-09-21
70,Drew Barber,54,East Erica,2024-05-31
71,Michael Young,54,East Ryan,2023-02-28
72,Michael Oconnor,55,North Rebeccaborough,2023-07-02
73,Corey Crawford,21,Kristinatown,2023-07-06
74,Cory Franco,40,Whiteville,2023-07-30
75,Lisa Black,58,South Angela,2023-05-25
76,Andrea Adams,19,South Elizabethberg,2023-10-30
77,Laura Wolfe,64,Meganbury,2024-01-07
78,Kenneth Dickson,31,Petersberg,2022-12-14
79,Amy Valentine,49,Port Jennifer,2024-10-12
80,Nicole Hall,47,New Ricky,2023-06-20
81,Jessica Smith,32,New Tracy,2024-08-05
82,Michael Garza,30,Danielshire,2023-06-16
83,Kimberly Hill,24,Lake Mollyton,2023-03-08
84,Brenda Macdonald DDS,48,New Linda,2023-04-19
85,Eric Campos,22,Tammyhaven,2025-08-27
86,Lori Robinson,26,West Barbaraport,2024-09-30
87,Joshua Giles,18,New Kenneth,2023-01-02
88,Shannon Douglas,35,Phillipston,2024-12-10
89,Christopher Butler,29,South Tammyburgh,2024-03-08
90,George Li,20,West Stephanie,2023-07-20
91,Karen Russell,44,Romerofurt,2025-06-04
92,Felicia Brown,42,Jefferyshire,2024-09-10
93,Jeff Pittman,29,South Travisbury,2023-12-11
94,Kent Alvarez,51,Haystown,2023-02-02
95,Natalie Gray,37,Jeffreymouth,2024-03-18
96,Katherine Johnson,54,Bradleyshire,2023-08-22
97,Andrew Thomas,53,Lake Laura,2025-02-21
98,Travis Lopez,61,West Jesusville,2025-03-21
99,Matthew Myers,40,New Lydia,2023-11-27
100,Paula Wood,45,Alvarezland,2024-04-13
101,Chelsea Vazquez,36,South Jessicafurt,2025-08-12
102,Courtney Beasley,57,North Tina,2025-08-30
103,Kelly Hartman,54,Josephburgh,2024-06-05
104,Michaela Jackson,56,East Patriciaburgh,2025-07-28
105,Richard Bass,22,North Brittneyside,2024-01-30
106,Martha Becker,19,Martineztown,2024-11-07
107,Tabitha Murillo,52,Port Daniel,2023-11-24
108,Richard Summers,64,Melissamouth,2023-02-10
109,Rita Norris,26,Nicholasshire,2025-11-01
110,John Kirk,48,New Rachel,2025-03-04
111,Robert Mullen,48,Barrmouth,2024-02-03
112,Latoya Griffin,50,Lake Morganfurt,2022-12-08
113,April Mitchell,58,Joshualand,2024-12-19
114,Thomas Juarez,50,South Lisahaven,2023-11-15
115,Jamie Barber,38,Bauerhaven,2025-05-04
116,Ashley Cole,40,Robinsonville,2024-04-29
117,Stephanie Drake,45,Davidshire,2024-06-06
118,Jody Smith,65,Hollandchester,2023-04-17
119,Nicole Taylor,24,Thomashaven,2024-10-14
120,Shannon Sanchez,23,Lake Tiffany,2025-07-06
121,Andrea Baldwin,36,Justinmouth,2023-05-15
122,Heather Davis,53,North Kristen,2024-08-28
123,Gary Hernandez,30,North Crystal,2025-09-03
124,Jennifer Garrett,29,Mclaughlinhaven,2025-01-23
125,Edward Johns,26,Jonathanside,2025-07-25
126,Stephanie Zimmerman,40,West Pamelaside,2024-09-22
127,James Anderson,30,Jenniferview,2025-06-27
128,Luis Henry MD,42,West Nancy,2024-10-27
129,Paul Herman,32,Katieport,2024-01-01
130,Andrew Franklin,29,Lake Christinaport,2023-05-03
131,Donna Hernandez,44,Williammouth,2024-01-02
132,Laura Cox,19,Barrymouth,2024-06-07
133,Aaron Parks,58,Feliciatown,2024-04-02
134,Sarah Bridges,65,Lake Christopher,2023-10-10
135,Brian Knapp,48,North Dustin,2025-02-03
136,Lawrence Gamble,38,Joannfurt,2023-09-01
137,Douglas Morris,30,Johnland,2023-11-26
138,Jose Burton,19,Jamestown,2025-05-12
139,Ronnie Fernandez,22,Lake Kathleenshire,2023-10-18
140,Russell Goodman,34,Jacksonport,2025-05-27
141,Lauren Dickson,51,East Benjamin,2025-10-18
142,Tamara Phillips,51,Brandonland,2024-09-17
143,Patrick Murray,45,Doyleton,2024-02-01
144,Jacob May,53,Davisside,2025-01-11
145,Susan Melton,49,East Angelaburgh,2024-10-31
146,Antonio Bauer,56,North Timothymouth,2025-07-21
147,Renee Pugh,53,Port Nicole,2024-11-15
148,Mr. Adrian Wilson,51,Janetview,2024-05-24
149,Ashley Dean,47,Jenningsside,2024-10-03
150,David Barron,27,Lake Ricardo,2024-08-20
151,Alexis Jackson,29,Smithview,2025-02-28
152,Alisha Bennett,32,Brianhaven,2023-06-09
153,Robert Wright,19,Christinaville,2023-12-20
154,Randy Robbins,21,Lake Peter,2024-11-02
155,Melanie Mitchell,43,Cisnerosberg,2023-09-13
156,Lori Galloway,19,Stanleyville,2025-01-27
157,Mark Miller,22,West Saraburgh,2025-10-01
158,Gregory Smith,56,Angelaberg,2023-11-27
159,Travis Brown,21,Daviesfurt,2025-11-25
160,John Crawford,26,Ianberg,2023-03-20
161,Ryan Williams,44,East Michaeltown,2023-09-05
162,Ronald Thomas,49,Brownstad,2023-10-28
163,Virginia Soto,20,Charleshaven,2025-09-07
164,Cassandra Williams,25,Davidborough,2024-08-28
165,Christopher Harmon,54,Port Douglashaven,2023-07-17
166,Kimberly Simmons,57,Wilsonport,2023-10-13
167,Nancy Cantu,33,Garciahaven,2024-02-29
168,Scott Fields,32,West Kathyhaven,2024-07-19
169,Dennis Wilson,64,South Tylerhaven,2024-12-06
170,Jeffrey Mayo,26,South Denisemouth,2024-04-11
171,Kyle Young,61,Raymondshire,2024-08-15
172,Charles Atkinson,38,Edwardsmouth,2025-01-19
173,Jerry Figueroa,24,Floydport,2024-02-25
174,Matthew Green,21,West Kristenmouth,2025-07-12
175,Shawn Johns,35,Kellerview,2024-06-14
176,Angela Strong,30,Port Kaitlyn,2024-04-07
177,Terry Hubbard,36,Davisberg,2025-08-14
178,Paul Weber,44,Bethanymouth,2023-11-05
179,John Thomas,54,Gregoryfort,2024-06-29
180,Tony Yang,53,South Marciaview,2025-02-27
181,Stephanie Thompson,51,Justinville,2025-07-01
182,Ashley Moreno,54,Lake Bethside,2024-01-24
183,Robin Maldonado,36,South Lindseyville,2025-06-20
184,Steve Martinez,40,Tammyburgh,2024-04-16
185,Russell Li,43,Martinezton,2025-04-05
186,Keith Myers,28,Luisville,2025-04-08
187,Evan Bennett,64,Singletonborough,2024-09-22
188,Richard Payne,35,Reedmouth,2023-11-13
189,Russell Mcdaniel,30,Coleport,2025-04-30
190,Henry Garcia,18,New Robert,2023-08-31
191,Laura Mitchell DVM,51,West Matthew,2025-02-24
192,Brendan Peck,54,Kingview,2023-07-03
193,Jennifer Harper,39,Jonathanstad,2025-11-18
194,Craig Stewart,37,North Dominiqueshire,2023-05-16
195,Brandy Richards,57,East Brandonhaven,2023-12-18
196,Leah Clarke,64,Port Danielleland,2023-06-30
197,Marie Osborne,21,New Lauren,2023-10-14
198,Stacey Harris,22,Amandastad,2023-11-28
199,Anna Leach,52,Danielfort,2025-11-22
200,Jessica Cohen,46,Thompsonville,2023-11-07
201,Jennifer Williams,37,Christopherton,2025-07-25
202,Desiree Anderson,48,Thomasview,2024-06-27
203,Darius Kirk,43,New Christopherstad,2024-01-10
204,Bill Peters,28,East Nathanfurt,2024-03-13
205,Jordan Griffith,63,South Brittanyton,2023-08-12
206,Ann Patel,37,Sotoberg,2024-05-15
207,Dustin Suarez,42,Lisaborough,2025-01-15
208,Lori West,21,New Thomas,2025-04-19
209,Rachael Hoffman,33,East Frances,2024-06-24
210,Charles Nelson,49,Markberg,2024-01-23
211,Raymond Molina,45,South Kathleenshire,2025-07-08
212,Kimberly Jenkins,57,Samanthastad,2024-05-06
213,Megan Hughes,61,New Wanda,2023-03-28
214,Angela Hensley,35,West Alexander,2025-07-30
215,Mary Robinson,33,South Mary,2024-09-30
216,Katrina Payne,35,Andreastad,2023-01-01
217,Chad Carpenter,45,Ericville,2025-11-17
218,Ryan Higgins,30,East Christopher,2023-06-29
219,Tiffany Evans,52,North Corybury,2023-01-16
220,Francisco Scott,18,Smithchester,2024-05-24
221,Joseph Edwards,34,Jacksonview,2024-02-23
222,David Douglas,48,Pooleland,2023-06-14
223,Raymond Reyes,32,Jameshaven,2024-10-19
224,Stephen Ellison,27,West Michele,2023-02-16
225,Nina Martinez,43,Bakerport,2025-06-27
226,Barbara Perry,27,Mooreshire,2024-05-07
227,Andrew Adams,38,Gutierrezfort,2025-06-12
228,Peter Moore,50,Port Beverly,2023-10-19
229,Whitney Foster,61,Port Anthony,2025-09-15
230,Daniel Lopez,40,South Kyleview,2025-03-07
231,Karen Madden,45,Rodriguezfort,2023-09-26
232,Michele Miller,53,Taraberg,2025-04-07
233,Mark Henry,46,Lake Autumnton,2024-01-09
234,William Mitchell,52,Vickieshire,2024-01-06
235,Natalie Pierce,24,East Donald,2024-09-19
236,Michelle Frye,48,Robertview,2025-01-12
237,Karen Sampson,33,New Cherylside,2024-11-21
238,Robert Olsen,42,East Jorge,2023-11-06
239,Stephanie Moore,42,West Beth,2022-12-14
240,Katie Hampton,43,New Joeltown,2023-11-18
241,Jacob Miller,54,Rodriguezburgh,2024-07-26
242,Jason Davis,49,Monicaton,2024-11-27
243,Charles Jimenez MD,32,Kristopherside,2025-08-07
244,Samantha Jones PhD,42,Jasonview,2023-08-20
245,Dennis Key,51,Greenview,2024-11-06
246,Richard Lloyd,41,New Austinchester,2024-08-27
247,Michael Brooks,42,Longmouth,2023-06-13
248,Dustin Glenn,48,New Meganton,2025-03-06
249,Katherine Swanson,62,Heatherside,2025-09-09
250,Mary Carlson,58,Grimesport,2025-06-12
251,Gregory Nelson,25,New Richard,2024-03-05
252,Mark Cooper,29,Longchester,2024-11-19
253,Beth Young,23,West Mark,2025-06-02
254,Alan Morales,49,Torresborough,2024-04-08
255,Brittany Mack,34,Jamieberg,2025-12-02
256,Joseph Brown,61,Lake Lisa,2025-07-14
257,Robert Reed,58,Nashland,2024-05-24
258,Sandra Clark,23,Brandyshire,2023-09-14
259,Carolyn Fleming,64,Jenniferhaven,2023-07-23
260,John Mcmahon,63,Amandaburgh,2023-04-28
261,Derrick Meyers,56,Port Derek,2024-06-06
262,Jacob Rosales,40,North Codychester,2023-07-15
263,Mary Cabrera,45,Jenniferland,2023-01-20
264,Linda Washington PhD,53,Jenkinsburgh,2024-02-17
265,Michael Medina,25,Cynthiahaven,2024-05-12
266,Travis Olson,54,Brownside,2025-08-20
267,David Olson,38,Port Kevin,2024-05-02
268,Linda Duffy,30,South Johnnytown,2022-12-27
269,Joel Harrell,57,Simonland,2024-01-14
270,Laura Moore,63,Janicetown,2025-07-18
271,Ryan George,18,South Isaac,2025-04-01
272,Heather Wagner,25,New Emily,2025-05-23
273,Chad Miller PhD,46,Jonathanstad,2025-01-29
274,Joshua Blake,45,North Nicholasbury,2024-02-24
275,Melissa Barnes,29,Lake Kristy,2023-04-14
276,Mr. Craig Johnson DVM,35,East Jennachester,2024-10-25
277,Jamie Nichols,51,Welchchester,2024-04-15
278,Jordan Owens,30,Bakerborough,2025-07-14
279,Robert Larson,44,Port Daniel,2025-05-03
280,Daniel Martin,33,Shieldston,2024-06-27
281,Joseph Decker,59,North Lindamouth,2024-06-10
282,Kimberly Allen,56,Wilkinsberg,2024-02-12
283,Diane Glenn,48,Lake Leahborough,2023-12-31
284,Robert Fowler,54,South Angela,2024-03-07
285,Sierra Ross,51,Rachelport,2023-07-27
286,Thomas Carr,39,Cassandraberg,2025-04-15
287,Kristi Daugherty,27,Lake Tanyafort,2023-03-18
288,Tammy Orozco,44,West Grace,2024-02-17
289,Amy Cruz,49,Ambershire,2022-12-22
290,Mark Nelson,35,Fuentesborough,2025-08-13
291,Ryan Becker,18,Millerborough,2023-04-01
292,Stephanie Doyle,37,Robertburgh,2025-01-06
293,Ebony Hoffman,41,Waltersfurt,2024-12-11
294,Christopher Mcgrath,24,Brookefurt,2023-11-03
295,Matthew Weiss,38,Marshborough,2024-07-26
296,Joshua Poole,50,East Kristineberg,2024-01-31
297,Harold Scott,35,Smithburgh,2023-04-18
298,Amber Hill,53,Herbertstad,2025-05-05
299,Kyle Walton,34,East Sharonberg,2024-06-22
300,Joseph Paul,54,Lake Lori,2023-08-22
301,Scott Hammond DVM,34,Georgefurt,2024-11-18
302,Jillian Hancock,23,Blackport,2023-04-03
303,Cynthia Rush,64,South Lauren,2024-05-22
304,Beth Ali,50,Hicksfort,2023-07-09
305,John Phillips,38,Armstrongbury,2025-11-06
306,Lauren Ruiz,50,New Samuelfurt,2024-07-17
307,Steven Thomas,47,Scottfort,2024-03-11
308,Audrey Cole,43,Trujilloville,2024-12-11
309,Connor Brown,31,North Connieburgh,2025-05-21
310,Rebecca Love,50,Ortegamouth,2023-02-21
311,Mrs. Lynn Benitez MD,46,Lake Catherineview,2025-10-15
312,Rhonda Alexander,25,Wheelerville,2023-05-04
313,Thomas Small,32,Rodriguezstad,2024-07-03
314,Aaron Miller,53,Davidview,2025-08-08
315,Kimberly Gould,32,South Mary,2023-02-19
316,John Wilson,34,East Jasmine,2023-02-24
317,Carlos Day,35,Thomasbury,2024-12-30
318,George Poole,56,North Tara,2024-02-08
319,Anthony Mccarthy,46,West Christopher,2023-05-08
320,Veronica Hoover,59,West Joshua,2025-03-10
321,Brian Keller,50,Joneschester,2025-05-18
322,Amanda Smith,56,Desireeshire,2025-04-23
323,Randy Caldwell,51,West Sarah,2022-12-14
324,Calvin Krueger,24,Norrisside,2024-09-01
325,Andrew Gates,23,New Robertborough,2025-01-08
326,Shannon Mahoney,62,Edwardhaven,2024-11-27
327,Christopher Brooks,64,Marksville,2024-06-16
328,Brian White,38,Whitemouth,2022-12-23
329,Trevor Haynes,39,North Stephenberg,2023-11-14
330,Crystal Blair,61,Lake Robert,2025-11-15
331,Lisa Kelly,31,Ramseyhaven,2025-05-12
332,Chelsea Ho,39,Mcdonaldfort,2022-12-23
333,Amber Brown,47,Timothybury,2024-05-05
334,Natalie Alexander,33,Seanside,2022-12-07
335,Marvin Vasquez,34,Silvaborough,2024-03-27
336,Christian Jordan,48,Jeffreymouth,2023-07-25
337,Timothy Bennett,43,Port Antonio,2024-02-19
338,Joshua Boyd,40,Lake Leonardview,2024-03-21
339,Richard Miller,46,Clarkview,2024-10-26
340,Janet Russo,33,Lindabury,2023-01-29
341,Rebecca Wells,65,Carolborough,2024-12-12
342,Kevin Peterson,24,Alexanderborough,2025-07-20
343,Brittany Johnson,20,Michaelport,2024-07-30
344,Hannah Berry,49,Tranberg,2025-04-19
345,Elizabeth Taylor,45,West Patriciaport,2025-11-19
346,William Lopez,32,New Elizabeth,2024-04-17
347,Diane Shields,29,Wesleychester,2025-03-23
348,Christopher Gonzalez,54,Adamsberg,2025-05-20
349,Alyssa Roy,30,New Erinview,2023-08-25
350,Mr. Mike Doyle,53,Dixonhaven,2023-05-25
351,Tina Nunez,24,Micheleport,2023-03-08
352,Jacob Lucas,22,Sandramouth,2024-05-08
353,Bruce Johnson,52,West Tony,2025-03-31
354,Julia Miller,40,Maryhaven,2025-02-03
355,Martin Steele,20,East Marcus,2024-11-03
356,Kevin Martin,23,West Lindsay,2024-10-05
357,Jonathan Gould,46,Durhamside,2023-06-16
358,Kim Koch,22,Rebeccahaven,2023-07-21
359,Christine Howell,24,West Danielview,2024-10-06
360,Ryan Schmidt,20,Dayview,2025-09-29
361,Kathy Lester,30,North Robin,2024-08-28
362,Stephen May,62,Ericaville,2023-01-06
363,Nicole Brown,42,East Isaac,2024-03-03
364,Ryan Smith,22,Lake Jennifer,2024-05-18
365,Joanna Black,29,Lake Brendanborough,2023-04-26
366,Alexander Hendrix,29,New Hannahshire,2023-11-01
367,Rebecca Robinson,57,Leahmouth,2023-04-05
368,Vicki Mitchell,54,New Shirley,2023-04-27
369,Kimberly Russell,65,Andrewsstad,2023-03-29
370,Adam Elliott,23,East Matthew,2023-02-26
371,Mr. Nicholas Ho,25,Stevensside,2023-08-14
372,Carolyn Bradley,36,Beanchester,2024-03-25
373,Ray Jones,32,Watershaven,2023-03-17
374,Hunter Atkinson,64,Bennettville,2025-05-05
375,Julie Hopkins,63,West Susan,2024-08-06
376,Anthony Carey,21,Macdonaldmouth,2025-10-30
377,Kevin Mann,52,Anitaborough,2023-12-09
378,Jeffery Garcia,39,West Larry,2025-11-23
379,Luke Smith,39,Mortonmouth,2023-12-27
380,Jessica Robertson,20,West Paula,2025-11-25
381,Kenneth Petty,55,Lake Frank,2025-01-11
382,John Lopez,45,West Patrickburgh,2024-07-10
383,Samuel Lopez,24,Jonesville,2024-01-04
384,Joseph Duffy,20,Barkertown,2025-03-31
385,Peter Cole,34,Veronicafurt,2025-06-20
386,Evelyn Morales,37,Amandaville,2025-07-21
387,Jason Horne,40,East Julia,2023-12-27
388,Mr. Ian Brandt,37,Riceshire,2025-04-20
389,Regina Ward,56,Port Maryland,2023-01-23
390,Christina Stewart,54,Lake Eric,2025-09-29
391,Angela Hill,49,Zacharyview,2023-04-30
392,Mark Potter,65,Murillomouth,2024-10-29
393,James Rodgers,28,Robertport,2025-05-14
394,Tiffany Martin,52,Allenton,2024-06-09
395,Christopher Hanson,65,Lake Jamestown,2024-05-03
396,William Travis,23,Timothyside,2024-11-18
397,Mary Collins,19,Monicaborough,2023-11-01
398,Daniel Smith,41,Gardnerburgh,2023-10-19
399,Susan Williams,60,East Ginaview,2023-12-01
400,Chelsea Thompson,47,Molinabury,2025-02-17
401,Laura Flores,20,Amandamouth,2024-05-15
402,Jennifer Coleman,52,West Destiny,2023-12-03
403,Stephanie Kelly,32,Barrchester,2025-08-13
404,Gloria Price,19,Karenmouth,2023-07-09
405,William Ramirez,21,Avilaton,2025-10-09
406,Terrence Davis,54,New Shelley,2023-10-27
407,Sierra Jackson,54,West Jenniferport,2023-01-01
408,Jennifer Parker,57,Angelachester,2025-09-19
409,Sarah Wyatt,51,Port Amber,2025-07-19
410,Jennifer Wood,48,Rachelport,2023-10-26
411,Amber Coleman,18,West Robertview,2025-11-21
412,Edward Wade,60,Wilsonton,2024-03-19
413,Dennis Armstrong DDS,19,East Kathrynstad,2024-10-10
414,Kimberly Rodriguez,51,Hardyshire,2024-01-11
415,Mindy Joyce,54,East Joshua,2025-07-05
416,Jessica Cruz,20,Jamesmouth,2024-06-06
417,Pedro Roberts,64,Port Danastad,2024-07-10
418,Katherine Wood,19,East Jasminechester,2024-12-04
419,Karen Meyer,26,Brownton,2024-10-05
420,Jennifer Chase,45,Port Jasonberg,2023-11-11
421,Melanie Short,19,Millerbury,2025-07-15
422,Carla Walker,57,South Nicholas,2024-03-31
423,Mark Bender,45,Michaelshire,2024-11-03
424,Kiara Martin,61,Crystalside,2024-11-28
425,Alexander Blackburn,42,North Johnhaven,2023-10-23
426,James Marshall,59,Cabreratown,2024-08-04
427,Marisa Rose,27,Jenniferborough,2024-07-14
428,Linda Reynolds,31,East Robertbury,2023-11-14
429,John Martinez,43,Sandersview,2023-01-28
430,Laura Garrett,36,Youngland,2023-02-28
431,James Patton,38,West Michaelview,2023-05-03
432,Kelly Zuniga,60,North Jimmouth,2024-10-30
433,Ariel Smith,53,South Tylerberg,2025-05-20
434,John Norton,48,Port Robertmouth,2025-05-24
435,Nicole Johnson,43,Torreston,2022-12-25
436,Christine Dunn,27,South Anthony,2024-06-07
437,Steven House,55,Lake Jessica,2025-03-23
438,William Sanchez,38,North Claudiatown,2024-05-10
439,Anthony Conley,43,West Stephanieberg,2023-07-20
440,Julia Harper,54,Wandaside,2024-04-01
441,Aaron Garcia,61,Julieport,2023-01-17
442,John Kelly,53,North Angelaland,2024-05-21
443,Steven Cannon,21,Lake Michaelview,2024-06-03
444,Mary Lucas,42,Andersonmouth,2023-07-14
445,Taylor Lopez,45,Herreraland,2025-11-26
446,Maria Williams,62,Nicolemouth,2024-06-24
447,Edwin Simpson,64,Carlaside,2023-08-03
448,Justin Ballard,53,Edwardbury,2025-11-24
449,Scott Gomez,34,Christopherburgh,2025-09-20
450,Christian Adams,40,Port Andreaport,2025-02-09
451,David Harrell,30,Alyssamouth,2024-02-08
452,George Elliott,43,Jordanton,2023-02-14
453,Robert Evans,49,East Timfort,2023-10-09
454,Holly Morris MD,21,West Heather,2023-10-07
455,Mark Sanchez,20,Elizabethland,2025-02-27
456,Ashley Saunders,22,South Rachel,2025-02-28
457,Matthew Page,21,Katherineport,2025-10-09
458,Dr. Michael Jones MD,49,Richardsonchester,2025-10-08
459,Wendy Marshall,24,West Aliciabury,2025-09-27
460,Lance Thompson,32,East Johnchester,2024-05-03
461,Nicole Luna,51,Amandaberg,2025-07-13
462,Robert Jackson,58,West Ryanchester,2025-07-21
463,Melissa Smith,59,Barnesport,2023-09-23
464,Robert Arellano,43,East Bradleytown,2024-07-11
465,Sean Price,23,East Michaelshire,2024-10-16
466,Diana Harris,58,Lake Mary,2023-03-02
467,Ashley Christensen,51,Jasminmouth,2025-10-05
468,Chris Hicks,51,Lake Kevin,2024-11-23
469,Anna Franklin,36,Christinamouth,2023-09-02
470,Andrew Clayton,59,Yoderland,2025-05-02
471,Leah Stewart,61,West Timothyfurt,2024-04-08
472,Steven Rodriguez,59,Lake Jessica,2023-02-25
473,Robert Garcia,39,Frederickton,2025-03-28
474,Lisa Mullen,64,New Williamton,2023-02-22
475,Christine Yang,38,Lake Nicolemouth,2025-08-10
476,Ricky Collins,32,Port Nancyshire,2023-04-16
477,April Parsons,53,Lake Caitlin,2025-07-16
478,Lisa Davis,35,Coxmouth,2023-02-27
479,Laura Medina,54,West Margaret,2023-04-17
480,Kara Cooper,55,East Briannaville,2024-06-21
481,Denise Phillips,40,North Francisport,2023-06-03
482,Ashley Lopez,43,Daniellemouth,2024-05-24
483,Matthew Chavez,34,Lake Carrie,2024-09-06
484,Richard Bonilla,46,Jeremymouth,2025-10-15
485,Kristen Carney,47,Brewerburgh,2025-01-10
486,Anthony Nelson,21,Johnsonton,2024-07-12
487,Breanna Barber,60,Dianeville,2024-12-04
488,Jose Smith,36,East Jeffreyport,2023-12-27
489,Taylor Morales,22,Port Jacquelinestad,2024-04-30
490,Lisa Shaw MD,20,South Jenniferfort,2025-07-17
491,Abigail Peterson,31,East Melissaside,2024-12-07
492,Lisa Bender,50,North Mark,2023-11-03
493,Kyle Thomas,37,New Peterton,2022-12-18
494,Audrey Simpson DDS,58,Port Sarahburgh,2024-07-31
495,Michael Malone,45,Jacksonmouth,2024-11-03
496,Mr. Craig Adams,56,Patriciaside,2023-11-13
497,Jonathan Gonzalez,53,Elizabethstad,2023-09-23
498,Daniel Keller,49,North Roy,2024-05-16
499,Nathan Schultz,54,Brendaport,2024-01-29
500,Matthew Kelley,51,Stephaniefurt,2024-05-26
